{
  "epochs": [
    1,
    2,
    3,
    4,
    5,
    6,
    7,
    8
  ],
  "train_loss": [
    0.04156996408449625,
    0.009944679249308384,
    0.007763087659129011,
    0.006839709400113966,
    0.006302783762150482,
    0.005925923372422264,
    0.005631185767215007,
    0.005420769982810404
  ],
  "val_loss": [
    0.012035746799333941,
    0.008575210506921704,
    0.007317846069183153,
    0.0066307544401740725,
    0.0061865138491214835,
    0.005830726798482334,
    0.00559985694251483,
    0.005415769058126438
  ],
  "psnr": [
    19.636620433655896,
    21.229922663664624,
    21.989330282786877,
    22.469535951661218,
    22.80267646468584,
    23.089288380801065,
    23.291298419955492,
    23.449327452947745
  ],
  "ssim": [
    0.7094215635320441,
    0.7841439517280875,
    0.8063645679359792,
    0.8240205340834864,
    0.8366722853502819,
    0.8453559393033621,
    0.8498133531745818,
    0.8533955297138209
  ]
}