{
  "epochs": [
    1,
    2,
    3,
    4,
    5,
    6,
    7,
    8
  ],
  "train_loss": [
    0.033302304154234144,
    0.01737579269441905,
    0.014632929511654225,
    0.013112482624744046,
    0.012131355450685218,
    0.01140514905772992,
    0.01088874193746398,
    0.010382932565137268
  ],
  "val_loss": [
    0.019646819044328943,
    0.015803146388240253,
    0.013808873317004004,
    0.012653047714052321,
    0.011874088428065747,
    0.01124746308815253,
    0.010710423152092138,
    0.010379197052385233
  ],
  "psnr": [
    17.598448162748884,
    18.664369486600943,
    19.325504007906893,
    19.76518739343481,
    20.072871483128555,
    20.34086761329709,
    20.58086641110433,
    20.721359324567118
  ],
  "ssim": [
    0.5958337263419042,
    0.651500240612579,
    0.6826429229541511,
    0.7044005633109932,
    0.7189039640257595,
    0.7294519818887373,
    0.7398089857499741,
    0.7458228915043048
  ]
}