{
  "epochs": [1, 2, 3, 4, 5],
  "train_loss": [
    0.037302513886838834, 0.020851746904475093, 0.01831400159325427,
    0.016884788771523343, 0.01590747041091609
  ],
  "val_loss": [
    0.02301874136717259, 0.01928063847501821, 0.01757802406349514,
    0.01642395203485142, 0.015610093958204306
  ],
  "psnr": [
    16.8757242778112, 17.685639783199644, 18.118659515798594,
    18.430323171480676, 18.665463649075544
  ],
  "ssim": [
    0.5625021694293791, 0.608255206371996, 0.6310163219169543,
    0.6476661610843276, 0.6582745505805009
  ],
  "best_epoch": [5],
  "best_val_loss": [0.015610093958204306]
}
