{
  "epochs": [
    1,
    2,
    3,
    4,
    5,
    6,
    7,
    8
  ],
  "train_loss": [
    0.03735884122931754,
    0.020867989706332243,
    0.018176976915027922,
    0.01663621271978309,
    0.015700845524414517,
    0.014990099558809292,
    0.014455393526647518,
    0.014059984341645038
  ],
  "val_loss": [
    0.02330164726870724,
    0.019436314206900476,
    0.017340644651764554,
    0.016086504146268096,
    0.015477892353281945,
    0.014859332974198499,
    0.01443262319257365,
    0.013901807061290438
  ],
  "psnr": [
    16.8276774175879,
    17.655775471315142,
    18.182611761385836,
    18.529316646964748,
    18.70928159141564,
    18.885483350486034,
    19.020920294823256,
    19.20946687966386
  ],
  "ssim": [
    0.5595417455352885,
    0.6067154189079521,
    0.6316018831598527,
    0.6509719793513663,
    0.6647835753889748,
    0.6697544168197921,
    0.6822068467802099,
    0.6879642332896909
  ]
}