{
  "epochs": [
    1,
    2,
    3,
    4,
    5,
    6,
    7,
    8
  ],
  "train_loss": [
    0.03316367829421055,
    0.017522123687938332,
    0.014829835097895249,
    0.01334781507685431,
    0.012342282231333159,
    0.011614012224142994,
    0.011049117654689085,
    0.010579818111063956
  ],
  "val_loss": [
    0.0196893472884652,
    0.015930664973168432,
    0.014145857630934141,
    0.012914489754298819,
    0.012086001495960393,
    0.011510518686020677,
    0.010982502746997,
    0.01054152790928566
  ],
  "psnr": [
    17.626918955205294,
    18.67730150172099,
    19.252092464522395,
    19.7201706415808,
    20.055793573463305,
    20.287765192484336,
    20.529623009765583,
    20.72673022188391
  ],
  "ssim": [
    0.5962199402864817,
    0.6502383652000052,
    0.6810889651584046,
    0.7025557967001134,
    0.7183254393092026,
    0.7273611399387091,
    0.7387027491261063,
    0.7466023765998167
  ]
}